Label,# Samples,Average,90% Line,Min,Max,Error %,Throughput
TR_Generate_OTP,452460,835,1020,7,91092,76.35%,97.79455
TR_validate_OTP,106995,1591,2656,9,60253,0.43%,29.40224
TOTAL,559455,979,1378,7,91092,61.83%,120.92042
